{
  "integrations": [
    {
      "id": "d77244b8-1ce0-4d50-a1ca-996217cef575",
      "name": "SalesForce Inbound",
      "action": "CREATE_EVENT",
      "type": "INBOUND_WEBHOOK",
      "deployed": true,
      "form": "c05b1fbe-32c1-4da1-81cf-174cae68048d",
      "script": "var data = JSON.parse(request.body);\n\nvar datan = '{' + '\"properties\":' + JSON.stringify(data) + '}';\nvar json = JSON.parse(datan);\nconsole.log(JSON.stringify(json));\n\n\n// Parse data from incoming payload and construct the trigger object.  This is not needed because the JSON values match the \n// properties/fields on the form.\n//trigger.properties.Company = json[\"soapenv:envelope\"][\"soapenv:body\"][\"notifications\"][\"notification\"][\"sobject\"][\"sf:accountid\"];\n\n// Post trigger to form\nform.post(json);",
      "environment": "HOSTED"
    },
    {
      "id": "383850de-59ce-490b-85b2-3a3813f475bd",
      "name": "Update Assign Field - Response",
      "action": "RUN_SCRIPT",
      "type": "OUTBOUND_WEBHOOK",
      "triggeredBy": "RESPONSE",
      "deployed": true,
      "form": "c05b1fbe-32c1-4da1-81cf-174cae68048d",
      "script": "var callback = JSON.parse(request.body);\nconsole.log('Executing outbound integration for xMatters event ID: ' + callback.eventIdentifier);\n\n// Convert list of event properties to an eventProperties object\nif (callback.eventProperties && Array.isArray(callback.eventProperties)) {\n    var eventProperties = callback.eventProperties;\n    callback.eventProperties = {};\n\n    for (var i = 0; i < eventProperties.length; i++) {\n        var eventProperty = eventProperties[i];\n        var key = Object.keys(eventProperty)[0];\n        callback.eventProperties[key] = eventProperty[key];\n    }\n}\n// Handle responses without annotations\nif (callback.annotation == \"null\") {\n    callback.annotation = null;\n}\n\n\n\nvar ID      = callback.eventProperties['ID'];\n\nvar assigneeId = getUserId(callback.recipient );\n\nvar req = http.request({ \n  method: 'PATCH',\n  endpoint: 'SalesForce',\n  path: '/services/data/v22.0/sobjects/Case/' + ID,\n});\nvar payload = JSON.stringify({\n            \"OwnerId\": assigneeId\n});\nvar resp = req.write( payload );\nconsole.log( JSON.stringify( resp ) );\n\n\n\n/*********************************************** \n * getUserId\n * Get a user's unique Id from SF. \n ***********************************************/\nfunction getUserId( userName ) {\n    \n    // We're using SOQL here\n      var queryParms = \"q=select%20Id,%20name,%20username%20from%20User%20where%20Alias='\" + encodeURI( userName ) + \"'\";\n    console.log(queryParms);\n    \n    var request = http.request({\n        'endpoint': 'SalesForce',\n        'method': 'GET',\n        'path': '/services/data/v22.0/query/?' + queryParms,\n    });\n    \n    console.log( 'Getting user \"' + userName + '\"' );\n    \n    var response = request.write();\n    var userList = JSON.parse( response.body );\n    \n    if( userList.totalSize === 0 ){\n        return null;\n    }\n    else \n        return userList.records[0].Id;\n    \n}\n\n",
      "environment": "HOSTED"
    },
    {
      "id": "8dc269fd-0ac3-4ba9-9a99-215f73a3be5d",
      "name": "Update Comment- Delivery",
      "action": "RUN_SCRIPT",
      "type": "OUTBOUND_WEBHOOK",
      "triggeredBy": "DELIVERYSTATUS",
      "deployed": true,
      "form": "c05b1fbe-32c1-4da1-81cf-174cae68048d",
      "script": "var callback = JSON.parse(request.body);\nconsole.log('Executing outbound integration for xMatters event ID: ' + callback.eventIdentifier);\n\n\n\n// Convert list of event properties to an eventProperties object\nif (callback.eventProperties && Array.isArray(callback.eventProperties)) {\n    var eventProperties = callback.eventProperties;\n    callback.eventProperties = {};\n\n    for (var i = 0; i < eventProperties.length; i++) {\n        var eventProperty = eventProperties[i];\n        var key = Object.keys(eventProperty)[0];\n        callback.eventProperties[key] = eventProperty[key];\n    }\n}\n\n// Handle responses without annotations\nif (callback.annotation == \"null\") {\n    callback.annotation = null;\n}\n\nconsole.log(\"Request body -\" + JSON.stringify(callback));\n\nvar ID      = callback.eventProperties['ID'];\nconsole.log(ID);\n\nconsole.log( 'Adding a note' );\n\npayload = {\n    \"ParentId\": ID,\n    \"CommentBody\": 'Update from xMatters at - ' + callback.recipient + \" contacted on \" + callback.device\n};\n\nreq = http.request({ \n  method: 'POST',\n  endpoint: 'SalesForce',\n  path: '/services/data/v22.0/sobjects/CaseComment' + '/',\n\n});\n\nresp = req.write( payload );\nconsole.log(resp);\n\n\n",
      "environment": "HOSTED"
    }
  ],
  "endpoints": [
    {
      "name": "SalesForce",
      "type": "EXTERNAL",
      "authentication": "NO_AUTH"
    }
  ],
  "constants": []
}