[
  {
    "name": "My Shared Library",
    "script": "/*\n * Shared libraries allow you to write code once and reuse it in\n * multiple scripts in the Integration Builder.\n *\n * This example shows you how to create a new function named 'myFunction'\n * and add it to this shared library.\n *\n * To use this function in another script, include the following statements,\n * replacing 'My Shared Libarary' with the name of this shared library.\n *\n *  var mySharedLibrary = require('My Shared Library');\n *  var message = mySharedLibrary.myFunction();\n */\n\nexports.myFunction = function() {\n    var msg = 'Hello World!';\n    console.log('myFunction says ' + msg);\n    return msg;\n};\n\nexports.getuserID = function(fullname) {\n    console.log(\"Get xMatters Userid\");\n    \n    //var i = fullname.indexOf(\" \");\n    //var firstname = fullname.substring(0, i);\n    //var lastname = fullname.substring(i + 1);\n    var name = fullname.replace(\" \", '+');\n    console.log(\"Name - \" + name);\n    var request = http.request({ \n         \"endpoint\": \"xMatters\",\n         \"path\": \"/api/xm/1/people?search=\" + name,\n         \"method\": \"GET\"\n    });\n\n    var response = request.write();\n    if (response.statusCode == 200 ) {\n       json = JSON.parse(response.body);\n       console.log( \"Retrieved  \" + json.count + \" of \" + json.total + \" people\" );\n    }\n    return json.data[0].targetName;\n}"
  }
]